{
  "raw/patterns/graphify-as-knowledge-center.md": 1776794789.1950798,
  "raw/practices/continuous-graph-maintenance.md": 1776794823.67118,
  "raw/tutorials/onboarding.md": 1776794869.9743128
}